"data_id","treat","age","education","black","hispanic","married","nodegree","re75","re78"
"Lalonde Sample",1,37,11,1,0,1,1,0,9930.0458984375
"Lalonde Sample",1,22,9,0,1,0,1,0,3595.89404296875
"Lalonde Sample",1,30,12,1,0,0,0,0,24909.44921875
"Lalonde Sample",1,27,11,1,0,0,1,0,7506.14599609375
"Lalonde Sample",1,33,8,1,0,0,1,0,289.789886474609
"Lalonde Sample",1,22,9,1,0,0,1,0,4056.49389648438
"Lalonde Sample",1,23,12,1,0,0,0,0,0
"Lalonde Sample",1,32,11,1,0,0,1,0,8472.158203125
"Lalonde Sample",1,22,16,1,0,0,0,0,2164.02197265625
"Lalonde Sample",1,33,12,0,0,1,0,0,12418.0703125
"Lalonde Sample",1,19,9,1,0,0,1,0,8173.908203125
"Lalonde Sample",1,21,13,1,0,0,0,0,17094.640625
"Lalonde Sample",1,18,8,1,0,0,1,0,0
"Lalonde Sample",1,27,10,1,0,1,1,0,18739.9296875
"Lalonde Sample",1,17,7,1,0,0,1,0,3023.87890625
"Lalonde Sample",1,19,10,1,0,0,1,0,3228.5029296875
"Lalonde Sample",1,27,13,1,0,0,0,0,14581.8603515625
"Lalonde Sample",1,23,10,1,0,0,1,0,7693.39990234375
"Lalonde Sample",1,40,12,1,0,0,0,0,10804.3203125
"Lalonde Sample",1,26,12,1,0,0,0,0,10747.349609375
"Lalonde Sample",1,23,11,1,0,0,1,0,0
"Lalonde Sample",1,41,14,0,0,0,0,0,5149.5009765625
"Lalonde Sample",1,38,9,0,0,0,1,0,6408.9501953125
"Lalonde Sample",1,24,11,1,0,0,1,0,1991.40002441406
"Lalonde Sample",1,33,11,1,0,0,1,7867.916015625,6281.43310546875
"Lalonde Sample",1,18,10,1,0,0,1,0,11163.169921875
"Lalonde Sample",1,29,11,1,0,1,1,0,9642.9990234375
"Lalonde Sample",1,25,11,1,0,0,1,0,9897.048828125
"Lalonde Sample",1,27,10,0,1,0,1,0,11142.8701171875
"Lalonde Sample",1,17,10,1,0,0,1,0,16218.0400390625
"Lalonde Sample",1,24,11,1,0,0,1,0,995.7001953125
"Lalonde Sample",1,17,10,1,0,0,1,0,0
"Lalonde Sample",1,26,11,1,0,1,1,2754.64599609375,26372.279296875
"Lalonde Sample",1,48,4,1,0,0,1,0,6551.591796875
"Lalonde Sample",1,25,11,1,0,1,1,0,1574.42395019531
"Lalonde Sample",1,20,12,1,0,0,0,0,0
"Lalonde Sample",1,25,12,1,0,0,0,0,3191.7529296875
"Lalonde Sample",1,42,14,1,0,0,0,0,20505.9296875
"Lalonde Sample",1,25,5,1,0,0,1,0,6181.8798828125
"Lalonde Sample",1,23,12,1,0,1,0,0,5911.55078125
"Lalonde Sample",1,46,8,1,0,1,1,0,3094.15600585938
"Lalonde Sample",1,24,10,1,0,0,1,0,0
"Lalonde Sample",1,21,12,1,0,0,0,0,1254.58203125
"Lalonde Sample",1,19,9,0,0,0,1,0,13188.830078125
"Lalonde Sample",1,17,8,1,0,0,1,0,8061.48486328125
"Lalonde Sample",1,18,8,0,1,1,1,0,2787.9599609375
"Lalonde Sample",1,20,11,1,0,0,1,0,3972.5400390625
"Lalonde Sample",1,25,11,1,0,1,1,0,0
"Lalonde Sample",1,17,8,1,0,0,1,0,0
"Lalonde Sample",1,17,9,1,0,0,1,0,0
"Lalonde Sample",1,25,5,1,0,0,1,0,12187.41015625
"Lalonde Sample",1,23,12,1,0,0,0,0,4843.17578125
"Lalonde Sample",1,28,8,1,0,0,1,0,0
"Lalonde Sample",1,31,11,1,0,1,1,0,8087.48681640625
"Lalonde Sample",1,18,11,1,0,0,1,0,0
"Lalonde Sample",1,25,12,1,0,0,0,0,2348.97290039062
"Lalonde Sample",1,30,11,1,0,1,1,0,590.781799316406
"Lalonde Sample",1,17,10,1,0,0,1,0,0
"Lalonde Sample",1,37,9,1,0,0,1,0,1067.50598144531
"Lalonde Sample",1,41,4,1,0,1,1,0,7284.98583984375
"Lalonde Sample",1,42,14,1,0,1,0,0,13167.51953125
"Lalonde Sample",1,22,11,0,0,0,1,0,1048.43200683594
"Lalonde Sample",1,17,8,1,0,0,1,0,0
"Lalonde Sample",1,29,8,1,0,0,1,0,1923.93798828125
"Lalonde Sample",1,28,10,1,0,0,1,2836.50610351562,3196.57104492188
"Lalonde Sample",1,35,10,1,0,0,1,0,4666.23583984375
"Lalonde Sample",1,27,11,1,0,0,1,0,549.298400878906
"Lalonde Sample",1,29,4,1,0,0,1,0,762.914611816406
"Lalonde Sample",1,28,9,1,0,0,1,0,10694.2900390625
"Lalonde Sample",1,27,11,1,0,0,1,0,0
"Lalonde Sample",1,23,7,0,0,0,1,0,0
"Lalonde Sample",1,45,5,1,0,1,1,0,8546.71484375
"Lalonde Sample",1,29,13,1,0,0,0,0,7479.65576171875
"Lalonde Sample",1,27,9,1,0,0,1,0,0
"Lalonde Sample",1,46,13,1,0,0,0,0,647.20458984375
"Lalonde Sample",1,18,6,1,0,0,1,0,0
"Lalonde Sample",1,25,12,1,0,0,0,0,11965.8095703125
"Lalonde Sample",1,28,15,1,0,0,0,0,9598.541015625
"Lalonde Sample",1,31,9,1,0,0,1,1698.60705566406,10363.26953125
"Lalonde Sample",1,25,11,0,0,0,1,0,18783.349609375
"Lalonde Sample",1,22,12,1,0,0,0,0,18678.080078125
"Lalonde Sample",1,28,11,1,0,0,1,1284.07897949219,60307.9296875
"Lalonde Sample",1,21,9,1,0,0,1,0,0
"Lalonde Sample",1,40,11,1,0,0,1,0,23005.599609375
"Lalonde Sample",1,22,11,1,0,0,1,0,6456.69677734375
"Lalonde Sample",1,25,12,1,0,0,0,0,0
"Lalonde Sample",1,27,9,1,0,1,1,934.445373535156,1773.42297363281
"Lalonde Sample",1,23,10,1,0,1,1,936.438598632812,11233.259765625
"Lalonde Sample",1,29,10,1,0,0,1,4398.9501953125,0
"Lalonde Sample",1,18,12,1,0,0,0,0,2321.10693359375
"Lalonde Sample",1,38,12,0,0,0,0,0,4941.84912109375
"Lalonde Sample",1,27,13,1,0,0,0,0,0
"Lalonde Sample",1,27,8,1,0,0,1,0,0
"Lalonde Sample",1,38,11,1,0,0,1,0,0
"Lalonde Sample",1,23,8,0,1,0,1,0,3881.28393554688
"Lalonde Sample",1,26,11,1,0,0,1,0,17230.9609375
"Lalonde Sample",1,42,9,1,0,1,1,3058.53100585938,1294.40905761719
"Lalonde Sample",1,21,12,0,0,0,0,0,8048.60302734375
"Lalonde Sample",1,25,8,1,0,0,1,0,0
"Lalonde Sample",1,31,11,1,0,1,1,0,14509.9296875
"Lalonde Sample",1,17,10,1,0,0,1,0,0
"Lalonde Sample",1,19,8,1,0,0,1,2657.05688476562,9970.6806640625
"Lalonde Sample",1,29,14,1,0,0,0,679.673400878906,17814.98046875
"Lalonde Sample",1,25,11,1,0,0,1,0,0
"Lalonde Sample",1,21,12,1,0,0,0,0,9983.7841796875
"Lalonde Sample",1,44,11,1,0,0,1,0,0
"Lalonde Sample",1,19,10,1,0,0,1,385.274108886719,8124.71484375
"Lalonde Sample",1,25,12,0,0,0,0,0,5587.5029296875
"Lalonde Sample",1,18,10,1,0,0,1,798.907897949219,9737.154296875
"Lalonde Sample",1,18,9,1,0,0,1,0,4482.84521484375
"Lalonde Sample",1,19,9,1,0,0,1,798.907897949219,17685.1796875
"Lalonde Sample",1,18,9,1,0,0,1,3287.375,5010.341796875
"Lalonde Sample",1,26,11,1,0,1,1,1392.85302734375,1460.35998535156
"Lalonde Sample",1,42,12,1,0,0,0,0,2456.15307617188
"Lalonde Sample",1,25,10,1,0,0,1,0,0
"Lalonde Sample",1,31,9,0,1,0,1,0,26817.599609375
"Lalonde Sample",1,24,10,1,0,0,1,0,0
"Lalonde Sample",1,26,10,1,0,0,1,0,9265.7880859375
"Lalonde Sample",1,20,12,1,0,0,0,377.568603515625,1652.63696289062
"Lalonde Sample",1,19,10,0,0,0,1,5324.10888671875,13829.6201171875
"Lalonde Sample",1,25,11,1,0,0,1,0,485.229797363281
"Lalonde Sample",1,23,8,0,0,1,1,1713.15002441406,4232.30908203125
"Lalonde Sample",1,31,12,0,0,0,0,2611.21801757812,2484.54907226562
"Lalonde Sample",1,18,11,1,0,0,1,0,4814.626953125
"Lalonde Sample",1,19,11,1,0,0,1,0,7458.10498046875
"Lalonde Sample",1,43,9,1,0,0,1,0,0
"Lalonde Sample",1,27,13,1,0,0,0,0,34099.28125
"Lalonde Sample",1,26,11,0,0,0,1,2226.26611328125,13385.8603515625
"Lalonde Sample",1,29,10,0,1,0,1,8853.673828125,5112.01416015625
"Lalonde Sample",1,17,9,1,0,0,1,0,1953.26794433594
"Lalonde Sample",1,30,11,1,0,0,1,0,0
"Lalonde Sample",1,17,10,1,0,0,1,156.949096679688,10641.240234375
"Lalonde Sample",1,20,12,0,0,1,0,8644.15625,11656.509765625
"Lalonde Sample",1,17,9,1,0,0,1,375.104705810547,3621.70703125
"Lalonde Sample",1,18,12,1,0,0,0,562.656982421875,0
"Lalonde Sample",1,21,11,0,1,0,1,1395.39001464844,0
"Lalonde Sample",1,30,11,1,0,0,1,1913.03405761719,0
"Lalonde Sample",1,18,11,0,1,0,1,5491.53515625,2454.5
"Lalonde Sample",1,20,12,1,0,0,0,9227.55859375,0
"Lalonde Sample",1,20,6,0,1,1,1,10802.98046875,4488.4951171875
"Lalonde Sample",1,20,10,1,0,0,1,11073.08984375,0
"Lalonde Sample",1,25,8,1,0,0,1,37431.66015625,2346.82788085938
"Lalonde Sample",1,17,9,0,0,0,1,1618.15002441406,6011.02099609375
"Lalonde Sample",1,18,10,0,1,0,1,2589.0419921875,0
"Lalonde Sample",1,19,9,0,1,0,1,6511.1240234375,7913.38623046875
"Lalonde Sample",1,19,11,1,0,0,1,192.799499511719,661.1923828125
"Lalonde Sample",1,27,10,0,1,0,1,421.302398681641,3075.86206054688
"Lalonde Sample",1,18,12,0,1,0,0,535.553283691406,1115.85998535156
"Lalonde Sample",1,22,11,1,0,0,1,606.960876464844,317.895202636719
"Lalonde Sample",1,20,9,1,0,0,1,660.515930175781,12229.6298828125
"Lalonde Sample",1,20,11,1,0,0,1,696.219177246094,0
"Lalonde Sample",1,18,10,1,0,0,1,699.789611816406,480.527008056641
"Lalonde Sample",1,17,10,1,0,0,1,856.886413574219,3251.10009765625
"Lalonde Sample",1,26,12,1,0,0,0,1088.90698242188,11460.5595703125
"Lalonde Sample",1,22,10,1,0,0,1,1071.10803222656,7315.4521484375
"Lalonde Sample",1,20,12,1,0,0,0,1160.36596679688,702.183898925781
"Lalonde Sample",1,18,8,1,0,0,1,1199.64099121094,0
"Lalonde Sample",1,18,9,1,0,0,1,1285.32995605469,15369.48046875
"Lalonde Sample",1,18,10,1,0,0,1,1371.01696777344,12064.41015625
"Lalonde Sample",1,19,10,1,0,0,1,1374.58703613281,13278.9697265625
"Lalonde Sample",1,18,9,0,1,0,1,1713.77294921875,8836.56640625
"Lalonde Sample",1,17,10,0,1,0,1,2202.7958984375,4387.05712890625
"Lalonde Sample",1,19,11,1,0,0,1,1927.99499511719,11965.8095703125
"Lalonde Sample",1,27,11,1,0,1,1,2142.21704101562,2186.18896484375
"Lalonde Sample",1,19,10,1,0,0,1,3213.11303710938,2975.03100585938
"Lalonde Sample",1,19,9,0,1,0,1,3276.14990234375,14271.23046875
"Lalonde Sample",1,27,10,1,0,0,1,3213.32202148438,2094.11889648438
"Lalonde Sample",1,21,11,1,0,1,1,4167.998046875,11300.240234375
"Lalonde Sample",1,29,10,1,0,1,1,4923.26318359375,130.679092407227
"Lalonde Sample",1,34,11,0,1,0,1,4641.466796875,2877.68188476562
"Lalonde Sample",1,25,10,0,0,0,1,4712.8740234375,6103.74609375
"Lalonde Sample",1,31,13,0,0,0,0,5498.35009765625,2329.86694335938
"Lalonde Sample",1,41,9,1,0,1,1,5783.98095703125,0
"Lalonde Sample",1,21,11,0,1,0,1,6658.56201171875,9381.294921875
"Lalonde Sample",1,20,11,1,0,0,1,6426.64599609375,16451.4609375
"Lalonde Sample",1,24,12,0,1,1,0,7212.10986328125,6485.5078125
"Lalonde Sample",1,41,9,1,0,1,1,7212.1201171875,3154.71997070312
"Lalonde Sample",1,21,12,0,0,0,0,7390.6337890625,3557.93408203125
"Lalonde Sample",1,22,11,1,0,0,1,7497.751953125,668.74658203125
"Lalonde Sample",1,20,9,0,1,0,1,8015.44189453125,5487.97021484375
"Lalonde Sample",1,17,11,1,0,0,1,8497.435546875,9017.00390625
"Lalonde Sample",1,24,11,1,0,0,1,9180.919921875,0
"Lalonde Sample",1,23,12,1,0,1,0,15079.9501953125,10283.490234375
"Lalonde Sample",1,23,10,1,0,0,1,15709.5595703125,5665.06591796875
"Lalonde Sample",1,26,11,0,0,0,1,22959.759765625,2746.61401367188
"Lalonde Sample",1,21,13,1,0,0,0,24806.830078125,8803.666015625
"Lalonde Sample",1,18,10,1,0,1,1,1958.09594726562,10989.9296875
"Lalonde Sample",1,22,10,1,0,0,1,653.954223632812,11134.98046875
"Lalonde Sample",1,17,10,1,0,0,1,1000.54998779297,1433.53100585938
"Lalonde Sample",1,20,7,1,0,0,1,1569.48999023438,5518.0830078125
"Lalonde Sample",1,17,9,1,0,0,1,1667.5830078125,5594.72900390625
"Lalonde Sample",1,23,11,1,0,0,1,1961.86401367188,3689.1259765625
"Lalonde Sample",1,32,10,1,0,0,1,2321.537109375,179.021697998047
"Lalonde Sample",1,19,12,1,0,0,0,2534.07202148438,4551.97900390625
"Lalonde Sample",1,30,10,1,0,0,1,2615.81689453125,0
"Lalonde Sample",1,25,12,1,0,0,0,2746.60791015625,2090.67797851562
"Lalonde Sample",1,26,11,0,0,0,1,4676.45703125,1973.34497070312
"Lalonde Sample",1,19,10,1,0,0,1,3473.80810546875,5861.60302734375
"Lalonde Sample",1,19,8,0,0,0,1,3416.90698242188,9251.357421875
"Lalonde Sample",1,20,10,1,0,0,1,5100.8388671875,13626.0400390625
"Lalonde Sample",1,21,11,1,0,0,1,5310.10693359375,7906.3408203125
"Lalonde Sample",1,23,12,1,0,0,0,7841.97216796875,7947.2568359375
"Lalonde Sample",1,19,11,1,0,0,1,6409.02685546875,11648.7001953125
"Lalonde Sample",1,22,11,1,0,0,1,8774.791015625,18295.8203125
"Lalonde Sample",1,23,12,1,0,0,0,7782.0419921875,14416.83984375
"Lalonde Sample",1,26,10,1,0,1,1,8141.703125,4635.66015625
"Lalonde Sample",1,24,12,1,0,0,0,12982.33984375,0
"Lalonde Sample",1,18,10,0,1,0,1,12625.509765625,0
"Lalonde Sample",1,27,11,1,0,0,1,14223.5,7661.97314453125
"Lalonde Sample",1,21,11,0,1,0,1,17983.7109375,15191.91015625
"Lalonde Sample",1,25,8,0,0,0,1,23096.650390625,6421.52978515625
"Lalonde Sample",1,21,12,1,0,0,0,807.951110839844,4350.9072265625
"Lalonde Sample",1,19,11,1,0,0,1,532.253601074219,0
"Lalonde Sample",1,18,11,1,0,0,1,851.606079101562,0
"Lalonde Sample",1,34,7,1,0,0,1,857.519470214844,0
"Lalonde Sample",1,21,11,0,0,0,1,946.227905273438,11412.240234375
"Lalonde Sample",1,25,9,1,0,0,1,1536.50305175781,1709.34204101562
"Lalonde Sample",1,17,9,1,0,0,1,1341.65100097656,1374.06604003906
"Lalonde Sample",1,28,8,1,0,0,1,1182.78601074219,7779.26318359375
"Lalonde Sample",1,18,9,1,0,0,1,1182.78601074219,5100.46923828125
"Lalonde Sample",1,27,12,1,0,0,0,4310.455078125,0
"Lalonde Sample",1,23,9,1,0,0,1,1774.18005371094,11464.7099609375
"Lalonde Sample",1,19,8,0,1,0,1,1862.88903808594,8774.623046875
"Lalonde Sample",1,21,11,1,0,0,1,2158.5849609375,0
"Lalonde Sample",1,21,11,1,0,0,1,2217.72412109375,4082.3701171875
"Lalonde Sample",1,23,10,1,0,0,1,2217.72412109375,0
"Lalonde Sample",1,27,9,1,0,0,1,2294.60498046875,2018.55603027344
"Lalonde Sample",1,27,11,1,0,0,1,2483.85205078125,0
"Lalonde Sample",1,23,12,0,0,0,0,3903.19506835938,796.559692382812
"Lalonde Sample",1,27,8,1,0,0,1,7218.27685546875,7976.93212890625
"Lalonde Sample",1,28,11,1,0,1,1,6952.580078125,7318.18603515625
"Lalonde Sample",1,25,12,1,0,0,0,5204.2587890625,0
"Lalonde Sample",1,20,12,1,0,0,0,6085.4208984375,9750.66015625
"Lalonde Sample",1,26,12,1,0,0,0,6608.80322265625,5811.76513671875
"Lalonde Sample",1,23,10,1,0,1,1,10495.080078125,3385.81103515625
"Lalonde Sample",1,49,8,0,0,1,1,7285.9482421875,16717.119140625
"Lalonde Sample",1,19,11,1,0,0,1,10224.3701171875,11293.8095703125
"Lalonde Sample",1,21,13,0,0,0,0,8616.8515625,99.5700225830078
"Lalonde Sample",1,27,12,1,0,1,0,7806.38720703125,2777.5849609375
"Lalonde Sample",1,23,11,1,0,0,1,8959.5888671875,1659.5
"Lalonde Sample",1,22,11,1,0,0,1,12170.9404296875,8408.392578125
"Lalonde Sample",1,24,15,1,0,0,0,13008.5,14683.6298828125
"Lalonde Sample",1,24,12,1,0,0,0,18154.060546875,0
"Lalonde Sample",1,18,11,1,0,0,1,214.563598632812,929.883911132812
"Lalonde Sample",1,17,10,1,0,0,1,5793.85205078125,5522.7880859375
"Lalonde Sample",1,17,9,1,0,0,1,1253.43896484375,5445.2001953125
"Lalonde Sample",1,28,11,1,0,0,1,6871.85595703125,0
"Lalonde Sample",1,27,11,1,0,0,1,2666.27392578125,0
"Lalonde Sample",1,19,11,1,0,0,1,2615.27587890625,4146.60302734375
"Lalonde Sample",1,18,11,0,0,0,1,919.557922363281,4321.705078125
"Lalonde Sample",1,24,10,1,0,0,1,2421.94702148438,1660.50805664062
"Lalonde Sample",1,23,12,1,0,0,0,3039.9599609375,8484.2392578125
"Lalonde Sample",1,21,9,1,0,0,1,5749.3310546875,743.666625976562
"Lalonde Sample",1,21,12,1,0,0,0,3332.40893554688,9371.037109375
"Lalonde Sample",1,24,9,1,0,0,1,2288.67504882812,4849.55908203125
"Lalonde Sample",1,20,9,0,1,0,1,5875.048828125,1358.64294433594
"Lalonde Sample",1,25,13,1,0,0,0,3090.73193359375,0
"Lalonde Sample",1,35,8,1,0,1,1,17976.150390625,3786.6279296875
"Lalonde Sample",1,17,9,0,1,0,1,74.3434524536133,6210.669921875
"Lalonde Sample",1,24,11,1,0,1,1,1666.11303710938,4032.7080078125
"Lalonde Sample",1,20,12,1,0,0,0,165.207702636719,0
"Lalonde Sample",1,21,8,1,0,0,1,3695.89697265625,4279.61279296875
"Lalonde Sample",1,18,10,1,0,0,1,1784.27404785156,11141.3896484375
"Lalonde Sample",1,27,12,1,0,0,0,357.949890136719,22163.25
"Lalonde Sample",1,22,9,1,0,0,1,3836.98608398438,3462.56396484375
"Lalonde Sample",1,46,8,1,0,0,1,2594.72290039062,0
"Lalonde Sample",1,19,10,1,0,0,1,6056.75390625,0
"Lalonde Sample",1,19,11,0,1,1,1,5463.80322265625,6788.462890625
"Lalonde Sample",1,22,12,1,0,0,0,936.177307128906,0
"Lalonde Sample",1,22,12,0,0,0,0,8455.50390625,12590.7099609375
"Lalonde Sample",1,26,12,1,0,1,0,5794.8310546875,1424.94396972656
"Lalonde Sample",1,29,12,1,0,0,0,4878.93701171875,10976.509765625
"Lalonde Sample",1,31,9,1,0,0,1,5517.8408203125,9558.5009765625
"Lalonde Sample",1,29,12,1,0,0,0,1817.28405761719,0
"Lalonde Sample",1,35,9,1,0,1,1,13830.6396484375,12803.9697265625
"Lalonde Sample",1,25,12,1,0,0,0,2409.27392578125,0
"Lalonde Sample",1,22,12,0,1,1,0,7055.7021484375,10092.830078125
"Lalonde Sample",1,27,10,1,0,0,1,3550.07495117188,0
"Lalonde Sample",1,22,10,1,0,1,1,5588.6640625,13228.2802734375
"Lalonde Sample",1,19,8,1,0,0,1,2937.26391601562,7535.94189453125
"Lalonde Sample",1,20,11,1,0,0,1,1220.83605957031,1085.43994140625
"Lalonde Sample",1,21,12,0,0,0,0,334.049407958984,12558.01953125
"Lalonde Sample",1,27,12,1,0,1,0,334.049285888672,0
"Lalonde Sample",1,20,10,1,0,0,1,2777.35498046875,5615.18896484375
"Lalonde Sample",1,23,12,1,0,0,0,501.074096679688,671.331787109375
"Lalonde Sample",1,27,13,0,0,1,0,853.722473144531,0
"Lalonde Sample",1,23,12,0,1,0,0,1117.43896484375,559.443176269531
"Lalonde Sample",1,24,12,1,0,0,0,2842.76391601562,6167.68115234375
"Lalonde Sample",1,20,11,1,0,0,1,1484.99401855469,6943.341796875
"Lalonde Sample",1,26,10,1,0,0,1,6788.9580078125,672.877319335938
"Lalonde Sample",1,25,14,1,0,1,0,11536.5703125,36646.94921875
"Lalonde Sample",1,26,10,1,0,1,1,0,0
"Lalonde Sample",1,20,9,1,0,0,1,0,8881.6650390625
"Lalonde Sample",1,31,4,1,0,0,1,4023.2109375,7382.548828125
"Lalonde Sample",1,24,10,1,0,1,1,4078.15209960938,0
"Lalonde Sample",1,33,11,1,0,1,1,25142.240234375,4181.94189453125
"Lalonde Sample",1,33,12,1,0,1,0,10941.349609375,15952.599609375
"Lalonde Sample",0,23,10,1,0,0,1,0,0
"Lalonde Sample",0,26,12,0,0,0,0,0,12383.6796875
"Lalonde Sample",0,22,9,1,0,0,1,0,0
"Lalonde Sample",0,34,9,1,0,0,1,4368.4130859375,14051.16015625
"Lalonde Sample",0,18,9,1,0,0,1,0,10740.080078125
"Lalonde Sample",0,45,11,1,0,0,1,0,11796.4697265625
"Lalonde Sample",0,18,9,1,0,0,1,0,9227.0517578125
"Lalonde Sample",0,27,12,1,0,0,0,2483.85107421875,3552.26806640625
"Lalonde Sample",0,24,8,0,0,0,1,0,10569.26953125
"Lalonde Sample",0,34,11,1,0,1,1,0,6040.3349609375
"Lalonde Sample",0,20,13,1,0,0,0,8965.2431640625,9199.5634765625
"Lalonde Sample",0,24,4,0,1,0,1,0,3880.8330078125
"Lalonde Sample",0,28,12,0,0,0,0,803.343017578125,16477.01953125
"Lalonde Sample",0,21,10,1,0,0,1,922.572875976562,0
"Lalonde Sample",0,28,12,1,0,1,0,29009.109375,10067.4296875
"Lalonde Sample",0,20,12,1,0,0,0,6004.72802734375,4779.72021484375
"Lalonde Sample",0,23,8,1,0,0,1,3403.05590820312,0
"Lalonde Sample",0,21,11,1,0,1,1,7244.56103515625,8976.826171875
"Lalonde Sample",0,36,10,1,0,0,1,0,0
"Lalonde Sample",0,18,12,0,0,0,0,735.205078125,2502.52587890625
"Lalonde Sample",0,21,14,1,0,0,0,0,5775.06201171875
"Lalonde Sample",0,30,13,1,0,0,0,5569.76123046875,0
"Lalonde Sample",0,26,11,0,1,0,1,1491.01599121094,0
"Lalonde Sample",0,28,9,1,0,0,1,0,0
"Lalonde Sample",0,31,4,0,0,0,1,10711.080078125,0
"Lalonde Sample",0,18,12,1,0,0,0,642.664489746094,14444.7099609375
"Lalonde Sample",0,27,7,1,0,1,1,0,0
"Lalonde Sample",0,19,11,0,0,0,1,0,0
"Lalonde Sample",0,20,8,1,0,0,1,0,0
"Lalonde Sample",0,28,8,1,0,0,1,10610.080078125,4623.18798828125
"Lalonde Sample",0,34,12,1,0,0,0,0,2113.72192382812
"Lalonde Sample",0,24,10,1,0,0,1,0,7618.63916015625
"Lalonde Sample",0,24,9,1,0,0,1,0,16461.5703125
"Lalonde Sample",0,22,8,0,1,0,1,0,9920.9453125
"Lalonde Sample",0,25,11,1,0,0,1,0,4196.375
"Lalonde Sample",0,20,11,0,0,0,1,1177.11804199219,8743.0712890625
"Lalonde Sample",0,21,9,1,0,0,1,0,3343.22412109375
"Lalonde Sample",0,19,12,1,0,0,0,2814.19506835938,1720.90698242188
"Lalonde Sample",0,39,9,1,0,0,1,0,0
"Lalonde Sample",0,19,9,1,0,1,1,0,16658.25
"Lalonde Sample",0,24,10,1,0,0,1,1307.90795898438,0
"Lalonde Sample",0,44,9,1,0,0,1,0,9722.0029296875
"Lalonde Sample",0,23,11,1,0,0,1,1896.02294921875,5573.546875
"Lalonde Sample",0,22,12,1,0,0,0,532.253601074219,1333.44494628906
"Lalonde Sample",0,27,8,1,0,0,1,0,3783.65991210938
"Lalonde Sample",0,27,11,1,0,1,1,1122.62097167969,215.83479309082
"Lalonde Sample",0,18,9,1,0,0,1,1605.44799804688,0
"Lalonde Sample",0,25,8,1,0,0,1,0,3515.92895507812
"Lalonde Sample",0,31,10,1,0,0,1,0,17014.58984375
"Lalonde Sample",0,28,10,1,0,0,1,6567.3291015625,5435.787109375
"Lalonde Sample",0,26,10,1,0,1,1,558.773376464844,0
"Lalonde Sample",0,30,8,1,0,0,1,1706.65698242188,0
"Lalonde Sample",0,28,11,0,1,1,1,0,6771.6220703125
"Lalonde Sample",0,34,10,1,0,1,1,0,0
"Lalonde Sample",0,21,7,0,1,0,1,0,0
"Lalonde Sample",0,33,12,1,0,0,0,0,5970.2568359375
"Lalonde Sample",0,19,9,1,0,0,1,1778.08898925781,7171
"Lalonde Sample",0,20,11,1,0,0,1,7967.208984375,0
"Lalonde Sample",0,18,10,0,1,0,1,0,1859.1669921875
"Lalonde Sample",0,27,12,1,0,1,0,752.390075683594,0
"Lalonde Sample",0,26,12,1,0,1,0,0,6191.94287109375
"Lalonde Sample",0,24,9,1,0,0,1,9662.669921875,0
"Lalonde Sample",0,31,12,1,0,0,0,0,7284.39404296875
"Lalonde Sample",0,22,12,1,0,0,0,2158.05004882812,0
"Lalonde Sample",0,28,14,1,0,0,0,6539.537109375,3123.11596679688
"Lalonde Sample",0,35,10,1,0,0,1,0,445.830902099609
"Lalonde Sample",0,20,12,1,0,0,0,0,0
"Lalonde Sample",0,30,9,0,0,0,1,3141.9169921875,1320.92297363281
"Lalonde Sample",0,25,11,1,0,0,1,0,0
"Lalonde Sample",0,25,10,1,0,0,1,0,7367.0400390625
"Lalonde Sample",0,35,11,1,0,0,1,0,0
"Lalonde Sample",0,22,8,1,0,0,1,6150.52001953125,0
"Lalonde Sample",0,21,12,1,0,0,0,449.047912597656,0
"Lalonde Sample",0,20,10,1,0,0,1,0,2015.50305175781
"Lalonde Sample",0,21,8,1,0,0,1,2237.2080078125,1764.10803222656
"Lalonde Sample",0,25,9,0,1,0,1,0,15791.1298828125
"Lalonde Sample",0,24,10,0,1,0,1,3000.837890625,5350.0380859375
"Lalonde Sample",0,33,11,1,0,0,1,2899.82006835938,18859.890625
"Lalonde Sample",0,21,9,1,0,0,1,12357.2197265625,0
"Lalonde Sample",0,27,11,1,0,1,1,4491.8837890625,0
"Lalonde Sample",0,27,10,1,0,0,1,0,1135.46997070312
"Lalonde Sample",0,20,11,0,1,0,1,0,6378.72021484375
"Lalonde Sample",0,25,13,1,0,0,0,10240.3603515625,10020.7197265625
"Lalonde Sample",0,18,11,1,0,0,1,645.272277832031,5497.5908203125
"Lalonde Sample",0,26,11,1,0,0,1,0,7176.18701171875
"Lalonde Sample",0,38,8,1,0,0,1,0,0
"Lalonde Sample",0,21,11,1,0,1,1,7652.1201171875,8396.654296875
"Lalonde Sample",0,34,11,1,0,0,1,8912.484375,5611.8662109375
"Lalonde Sample",0,21,10,1,0,0,1,1162.36206054688,39483.53125
"Lalonde Sample",0,31,13,1,0,0,0,10393.6103515625,7404.76220703125
"Lalonde Sample",0,34,10,1,0,0,1,0,7952.5400390625
"Lalonde Sample",0,25,11,1,0,0,1,3649.76904296875,0
"Lalonde Sample",0,24,9,1,0,0,1,1275.35595703125,8644.4267578125
"Lalonde Sample",0,19,12,1,0,0,0,0,0
"Lalonde Sample",0,32,8,1,0,0,1,0,7152.1318359375
"Lalonde Sample",0,20,9,0,1,0,1,0,8329.8232421875
"Lalonde Sample",0,23,10,1,0,0,1,0,0
"Lalonde Sample",0,38,10,1,0,0,1,0,12429.91015625
"Lalonde Sample",0,24,11,1,0,0,1,0,0
"Lalonde Sample",0,19,10,0,1,0,1,1197.46203613281,11223.7197265625
"Lalonde Sample",0,23,11,1,0,0,1,0,5088.759765625
"Lalonde Sample",0,20,7,0,1,0,1,0,4374.0400390625
"Lalonde Sample",0,25,10,1,0,1,1,9319.4443359375,0
"Lalonde Sample",0,21,11,1,0,0,1,0,1553.291015625
"Lalonde Sample",0,25,10,1,0,0,1,0,0
"Lalonde Sample",0,22,11,1,0,1,1,0,1698.30395507812
"Lalonde Sample",0,29,9,0,1,0,1,16341.16015625,16900.30078125
"Lalonde Sample",0,21,11,1,0,0,1,1862.88903808594,11630.66015625
"Lalonde Sample",0,21,7,1,0,0,1,0,11011.5703125
"Lalonde Sample",0,23,11,1,0,0,1,0,0
"Lalonde Sample",0,20,12,1,0,0,0,1371.47302246094,20893.109375
"Lalonde Sample",0,21,11,0,1,0,1,8920.470703125,20857.83984375
"Lalonde Sample",0,26,12,1,0,0,0,7322.037109375,4677.048828125
"Lalonde Sample",0,24,12,0,0,0,0,0,11294.6298828125
"Lalonde Sample",0,43,10,1,0,0,1,4128.44287109375,7565.27294921875
"Lalonde Sample",0,31,11,1,0,0,1,1726.44494628906,0
"Lalonde Sample",0,22,11,1,0,0,1,2707.3720703125,100.699798583984
"Lalonde Sample",0,29,11,1,0,0,1,0,0
"Lalonde Sample",0,24,11,1,0,0,1,0,14626.3896484375
"Lalonde Sample",0,22,9,1,0,0,1,0,12898.3798828125
"Lalonde Sample",0,19,11,1,0,0,1,8870.87890625,7396.2919921875
"Lalonde Sample",0,28,11,1,0,0,1,0,5767.1328125
"Lalonde Sample",0,18,10,0,1,0,1,0,6527.9189453125
"Lalonde Sample",0,18,9,1,0,0,1,2138.09399414062,5767.7041015625
"Lalonde Sample",0,26,10,1,0,0,1,0,3931.23803710938
"Lalonde Sample",0,25,10,1,0,0,1,0,20942.240234375
"Lalonde Sample",0,26,12,1,0,0,0,8479.5927734375,10820.5498046875
"Lalonde Sample",0,23,11,1,0,0,1,29897.189453125,23483.44921875
"Lalonde Sample",0,20,8,0,1,0,1,1124.80102539062,11731.2001953125
"Lalonde Sample",0,24,10,1,0,0,1,0,0
"Lalonde Sample",0,27,13,1,0,0,0,8797.34765625,1653.48095703125
"Lalonde Sample",0,26,5,1,0,0,1,0,0
"Lalonde Sample",0,37,10,1,0,0,1,8606.7431640625,0
"Lalonde Sample",0,36,10,1,0,0,1,0,14690.349609375
"Lalonde Sample",0,22,11,1,0,0,1,0,0
"Lalonde Sample",0,22,9,1,0,0,1,506.407592773438,604.19873046875
"Lalonde Sample",0,25,12,1,0,0,0,0,3418.09692382812
"Lalonde Sample",0,22,10,1,0,0,1,1765.67602539062,0
"Lalonde Sample",0,27,11,1,0,0,1,0,11197.33984375
"Lalonde Sample",0,29,8,1,0,0,1,0,0
"Lalonde Sample",0,18,9,1,0,0,1,2006.62902832031,6546.009765625
"Lalonde Sample",0,24,12,1,0,0,0,0,0
"Lalonde Sample",0,27,9,0,1,0,1,1596.76196289062,6723.4140625
"Lalonde Sample",0,19,9,1,0,0,1,902.456481933594,1914.41394042969
"Lalonde Sample",0,22,10,1,0,0,1,0,0
"Lalonde Sample",0,29,12,1,0,0,0,1359.34704589844,132.759994506836
"Lalonde Sample",0,30,11,1,0,1,1,9311.9384765625,3982.80102539062
"Lalonde Sample",0,22,7,1,0,0,1,13503.76953125,11607.08984375
"Lalonde Sample",0,24,7,1,0,0,1,0,1455.68994140625
"Lalonde Sample",0,29,14,1,0,0,0,3357.18505859375,7226.048828125
"Lalonde Sample",0,29,12,1,0,0,0,0,1890.93701171875
"Lalonde Sample",0,22,11,1,0,0,1,1321.66003417969,2639.2900390625
"Lalonde Sample",0,25,11,0,1,1,1,0,4485.6162109375
"Lalonde Sample",0,30,12,1,0,0,0,0,13613.349609375
"Lalonde Sample",0,22,8,1,0,0,1,0,1390.50903320312
"Lalonde Sample",0,55,3,1,0,0,1,0,5843.7958984375
"Lalonde Sample",0,35,10,1,0,0,1,9902.7626953125,9453.8271484375
"Lalonde Sample",0,20,10,1,0,0,1,0,8598.5224609375
"Lalonde Sample",0,29,9,1,0,0,1,1203.82397460938,9378.6533203125
"Lalonde Sample",0,20,11,1,0,0,1,3470.38891601562,7896.70703125
"Lalonde Sample",0,27,9,1,0,0,1,2129.01611328125,0
"Lalonde Sample",0,28,10,1,0,1,1,6449.47998046875,16988.1796875
"Lalonde Sample",0,20,11,1,0,0,1,2531.31103515625,0
"Lalonde Sample",0,26,14,1,0,1,0,2025.56604003906,0
"Lalonde Sample",0,19,8,0,1,0,1,1087.80297851562,2987.10107421875
"Lalonde Sample",0,34,11,1,0,0,1,0,2920.19897460938
"Lalonde Sample",0,22,12,1,0,0,0,0,0
"Lalonde Sample",0,32,12,0,1,1,0,0,6735.31982421875
"Lalonde Sample",0,19,11,1,0,0,1,1868.02099609375,0
"Lalonde Sample",0,31,10,1,0,0,1,0,0
"Lalonde Sample",0,18,9,1,0,0,1,0,0
"Lalonde Sample",0,28,10,1,0,0,1,4479.5869140625,128.671997070312
"Lalonde Sample",0,32,12,1,0,0,0,12419.1796875,10673.7001953125
"Lalonde Sample",0,50,10,0,1,0,1,0,0
"Lalonde Sample",0,20,12,1,0,0,0,591.815124511719,4159.9189453125
"Lalonde Sample",0,25,11,1,0,1,1,0,44.7554588317871
"Lalonde Sample",0,23,10,1,0,1,1,0,0
"Lalonde Sample",0,21,14,1,0,0,0,5926.794921875,29408.0390625
"Lalonde Sample",0,38,10,1,0,0,1,0,0
"Lalonde Sample",0,25,7,0,1,0,1,1177.11804199219,9722.3486328125
"Lalonde Sample",0,25,10,1,0,1,1,0,3701.81201171875
"Lalonde Sample",0,29,12,1,0,0,0,2080.208984375,16969.94921875
"Lalonde Sample",0,42,10,1,0,0,1,0,6930.3359375
"Lalonde Sample",0,39,12,1,0,1,0,0,3795.79907226562
"Lalonde Sample",0,27,11,1,0,1,1,20035.259765625,9074.763671875
"Lalonde Sample",0,34,13,1,0,1,0,0,5193.2470703125
"Lalonde Sample",0,25,11,1,0,1,1,3266.40600585938,479.267700195312
"Lalonde Sample",0,28,10,1,0,0,1,10068.400390625,0
"Lalonde Sample",0,24,7,1,0,0,1,0,2193.52807617188
"Lalonde Sample",0,32,11,1,0,0,1,0,11120.5302734375
"Lalonde Sample",0,27,13,1,0,0,0,0,7609.51806640625
"Lalonde Sample",0,20,12,1,0,0,0,4932.21484375,6086.9658203125
"Lalonde Sample",0,29,13,1,0,0,0,2265.5791015625,2725.32202148438
"Lalonde Sample",0,26,10,1,0,0,1,0,2169.02709960938
"Lalonde Sample",0,44,11,1,0,0,1,0,0
"Lalonde Sample",0,24,9,1,0,0,1,4118.68115234375,597.419982910156
"Lalonde Sample",0,28,10,0,0,1,1,6346.19287109375,6793.0771484375
"Lalonde Sample",0,24,11,1,0,0,1,1327.99304199219,9495.90234375
"Lalonde Sample",0,25,11,1,0,0,1,0,1264.23205566406
"Lalonde Sample",0,25,8,1,0,1,1,515.827392578125,14281.3095703125
"Lalonde Sample",0,23,11,1,0,0,1,5716.4072265625,10274.83984375
"Lalonde Sample",0,20,11,1,0,0,1,1650.46105957031,278.875091552734
"Lalonde Sample",0,24,12,1,0,0,0,8100.533203125,11235.1103515625
"Lalonde Sample",0,20,11,0,0,1,1,8159.5068359375,6336.783203125
"Lalonde Sample",0,25,12,1,0,0,0,0,0
"Lalonde Sample",0,28,11,1,0,0,1,863.4794921875,0
"Lalonde Sample",0,28,12,1,0,1,0,0,0
"Lalonde Sample",0,21,12,0,0,0,0,5440.81494140625,11544.009765625
"Lalonde Sample",0,24,11,0,0,0,1,1468.38305664062,10361.6904296875
"Lalonde Sample",0,32,10,1,0,0,1,0,0
"Lalonde Sample",0,21,10,1,0,1,1,1785.18005371094,6831.10595703125
"Lalonde Sample",0,21,8,1,0,0,1,6608.30419921875,3083.5810546875
"Lalonde Sample",0,25,10,1,0,1,1,11696.3701171875,11127.2802734375
"Lalonde Sample",0,22,10,0,0,1,1,23031.98046875,5448.80078125
"Lalonde Sample",0,22,10,1,0,0,1,0,0
"Lalonde Sample",0,19,9,1,0,0,1,0,5712.64306640625
"Lalonde Sample",0,31,10,1,0,1,1,0,0
"Lalonde Sample",0,23,11,1,0,0,1,0,0
"Lalonde Sample",0,22,11,1,0,0,1,875.261474609375,9139.65234375
"Lalonde Sample",0,33,11,1,0,0,1,0,0
"Lalonde Sample",0,27,10,1,0,0,1,0,1184.88195800781
"Lalonde Sample",0,29,11,1,0,1,1,0,10225.8798828125
"Lalonde Sample",0,38,10,1,0,1,1,14701.9501953125,4393.52294921875
"Lalonde Sample",0,20,6,1,0,0,1,2850.61010742188,0
"Lalonde Sample",0,23,10,1,0,0,1,0,0
"Lalonde Sample",0,29,11,1,0,0,1,3256.1650390625,3290.29296875
"Lalonde Sample",0,26,9,1,0,0,1,6955.05419921875,11856.8798828125
"Lalonde Sample",0,25,9,1,0,1,1,0,4715.37109375
"Lalonde Sample",0,24,11,1,0,0,1,13370.580078125,19533.880859375
"Lalonde Sample",0,25,10,1,0,0,1,0,289.789886474609
"Lalonde Sample",0,23,11,0,0,0,1,19995.640625,12896.2197265625
"Lalonde Sample",0,25,13,1,0,0,0,3751.04809570312,1672.77600097656
"Lalonde Sample",0,20,9,1,0,0,1,9164.44921875,8924.39453125
"Lalonde Sample",0,25,11,1,0,0,1,3072.72607421875,284.658386230469
"Lalonde Sample",0,29,12,0,0,0,0,12205.1396484375,16328.9599609375
"Lalonde Sample",0,25,9,1,0,1,1,16946.630859375,7343.9638671875
"Lalonde Sample",0,23,11,1,0,0,1,580.790100097656,0
"Lalonde Sample",0,44,9,1,0,1,1,10857.240234375,12359.3095703125
"Lalonde Sample",0,22,12,1,0,1,0,9352.19921875,8072.18115234375
"Lalonde Sample",0,20,11,0,0,0,1,1159.13098144531,0
"Lalonde Sample",0,36,11,1,0,0,1,7311.56103515625,0
"Lalonde Sample",0,24,10,1,0,0,1,0,0
"Lalonde Sample",0,28,8,0,0,0,1,0,8190.4208984375
"Lalonde Sample",0,39,11,1,0,0,1,83.6896362304688,0
"Lalonde Sample",0,27,12,0,1,0,0,24276.970703125,15762.8798828125
"Lalonde Sample",0,31,10,1,0,0,1,520.4462890625,14527.8798828125
"Lalonde Sample",0,26,6,1,0,0,1,0,4813.0498046875
"Lalonde Sample",0,30,11,1,0,1,1,24105.390625,7263.02490234375
"Lalonde Sample",0,31,8,1,0,0,1,4577.68017578125,6153.830078125
"Lalonde Sample",0,26,8,1,0,0,1,5562.59814453125,3523.57788085938
"Lalonde Sample",0,26,10,1,0,1,1,9107.4306640625,12659.580078125
"Lalonde Sample",0,24,12,1,0,0,0,159.884704589844,0
"Lalonde Sample",0,25,11,1,0,0,1,2455.06689453125,8764.1484375
"Lalonde Sample",0,29,9,1,0,0,1,9160.693359375,0
"Lalonde Sample",0,30,14,1,0,1,0,0,7344.67822265625
"Lalonde Sample",0,25,10,1,0,1,1,0,0
"Lalonde Sample",0,41,12,1,0,0,0,9818.466796875,0
"Lalonde Sample",0,29,11,1,0,1,1,0,0
"Lalonde Sample",0,25,12,1,0,1,0,0,0
"Lalonde Sample",0,28,13,1,0,0,0,0,0
"Lalonde Sample",0,23,11,1,0,0,1,0,4350.9072265625
"Lalonde Sample",0,54,11,1,0,0,1,0,7812.52197265625
"Lalonde Sample",0,33,5,0,1,0,1,0,0
"Lalonde Sample",0,31,12,0,0,0,0,494.643005371094,0
"Lalonde Sample",0,34,12,1,0,0,0,4087.21411132812,5670.81982421875
"Lalonde Sample",0,50,8,1,0,1,1,5630.0498046875,8997.193359375
"Lalonde Sample",0,31,11,1,0,0,1,7505.212890625,308.335205078125
"Lalonde Sample",0,36,12,0,1,0,0,11491.9501953125,4978.5009765625
"Lalonde Sample",0,20,8,1,0,0,1,0,3644.65502929688
"Lalonde Sample",0,24,12,0,0,1,0,24294.75,665.737426757812
"Lalonde Sample",0,23,12,0,1,0,0,8960.68359375,7078.17822265625
"Lalonde Sample",0,26,13,0,0,0,0,5395.119140625,9766.2001953125
"Lalonde Sample",0,28,11,0,0,0,1,3200.912109375,7645.05517578125
"Lalonde Sample",0,45,9,1,0,0,1,0,4844.80322265625
"Lalonde Sample",0,23,10,1,0,1,1,9854.1533203125,0
"Lalonde Sample",0,28,11,1,0,0,1,13371.25,0
"Lalonde Sample",0,26,11,1,0,1,1,4184.73193359375,0
"Lalonde Sample",0,22,10,1,0,0,1,2174.955078125,5344.02099609375
"Lalonde Sample",0,27,13,0,0,0,0,474.501800537109,4812.576171875
"Lalonde Sample",0,27,12,0,1,0,0,2677.77099609375,17395.169921875
"Lalonde Sample",0,39,6,1,0,0,1,0,0
"Lalonde Sample",0,25,11,1,0,0,1,0,0
"Lalonde Sample",0,31,11,1,0,0,1,18291.41015625,0
"Lalonde Sample",0,22,12,1,0,0,0,2003.68005371094,439.688110351562
"Lalonde Sample",0,22,10,1,0,0,1,13732.98046875,10770.9599609375
"Lalonde Sample",0,28,10,1,0,0,1,367.823394775391,4858.89501953125
"Lalonde Sample",0,31,11,1,0,0,1,6382.5869140625,0
"Lalonde Sample",0,27,10,1,0,1,1,11280.7099609375,0
"Lalonde Sample",0,28,11,1,0,1,1,5393.89501953125,4974.5859375
"Lalonde Sample",0,26,12,1,0,0,0,0,0
"Lalonde Sample",0,27,12,1,0,0,0,32984.25,10833.33984375
"Lalonde Sample",0,27,12,0,0,0,0,5035.44384765625,0
"Lalonde Sample",0,36,12,1,0,0,0,142.39729309082,0
"Lalonde Sample",0,26,8,1,0,1,1,4084.25805664062,0
"Lalonde Sample",0,23,9,1,0,1,1,19289.849609375,7600.10400390625
"Lalonde Sample",0,23,10,1,0,0,1,0,0
"Lalonde Sample",0,31,12,1,0,0,0,5613.9091796875,0
"Lalonde Sample",0,36,7,1,0,0,1,1606.66198730469,20780.650390625
"Lalonde Sample",0,39,12,1,0,1,0,6608.13720703125,499.257202148438
"Lalonde Sample",0,35,11,1,0,1,1,8720.9052734375,0
"Lalonde Sample",0,21,9,0,0,0,1,1577.1669921875,1740.19897460938
"Lalonde Sample",0,36,11,0,1,0,1,3063.8779296875,1324.5419921875
"Lalonde Sample",0,27,12,0,0,0,0,0,14792.900390625
"Lalonde Sample",0,26,11,1,0,0,1,1174.99096679688,6672.02099609375
"Lalonde Sample",0,28,9,1,0,1,1,9210.447265625,1239.84399414062
"Lalonde Sample",0,33,9,0,1,1,1,0,0
"Lalonde Sample",0,28,11,1,0,1,1,10033.91015625,0
"Lalonde Sample",0,22,11,1,0,0,1,6974.48388671875,3708.71899414062
"Lalonde Sample",0,25,11,1,0,0,1,4284.42919921875,4116.7021484375
"Lalonde Sample",0,25,10,1,0,1,1,0,0
"Lalonde Sample",0,27,11,1,0,0,1,766.298583984375,0
"Lalonde Sample",0,26,8,0,0,1,1,36941.26953125,30247.5
"Lalonde Sample",0,28,12,1,0,1,0,5551.4560546875,12780.01953125
"Lalonde Sample",0,25,10,0,0,0,1,8140.40185546875,3412.955078125
"Lalonde Sample",0,22,10,0,0,0,1,10598.669921875,7094.919921875
"Lalonde Sample",0,23,8,1,0,0,1,0,3746.70092773438
"Lalonde Sample",0,20,12,0,0,0,0,3104.81494140625,12573.9697265625
"Lalonde Sample",0,19,11,1,0,0,1,3285.67993164062,11195.9296875
"Lalonde Sample",0,17,9,0,1,0,1,671.227111816406,4209.5791015625
"Lalonde Sample",0,19,11,1,0,0,1,5160.2587890625,0
"Lalonde Sample",0,18,11,1,0,0,1,4152.60888671875,4164.76708984375
"Lalonde Sample",0,17,10,0,1,0,1,1239.62805175781,5088.98583984375
"Lalonde Sample",0,20,11,1,0,0,1,3248.93701171875,6027.63916015625
"Lalonde Sample",0,18,8,1,0,0,1,0,1568.15002441406
"Lalonde Sample",0,20,10,1,0,0,1,3677.587890625,557.749877929688
"Lalonde Sample",0,18,11,1,0,0,1,2041.36303710938,796.559020996094
"Lalonde Sample",0,19,10,0,1,0,1,2275.36791992188,4335.1591796875
"Lalonde Sample",0,17,8,1,0,0,1,0,7010.44384765625
"Lalonde Sample",0,17,10,0,1,0,1,1734.55895996094,6354.19384765625
"Lalonde Sample",0,18,10,1,0,0,1,2682.125,0
"Lalonde Sample",0,18,10,1,0,0,1,240.106704711914,2891.66796875
"Lalonde Sample",0,19,11,0,1,1,1,308.219207763672,0
"Lalonde Sample",0,18,11,1,0,0,1,8784.2373046875,1824.376953125
"Lalonde Sample",0,19,11,1,0,0,1,1615.90100097656,8823.05859375
"Lalonde Sample",0,19,10,1,0,0,1,963.9970703125,7047.080078125
"Lalonde Sample",0,19,9,0,1,0,1,0,3811.68310546875
"Lalonde Sample",0,18,10,1,0,0,1,1642.36499023438,0
"Lalonde Sample",0,18,10,1,0,0,1,0,9602.439453125
"Lalonde Sample",0,17,11,1,0,0,1,3796.02905273438,0
"Lalonde Sample",0,18,6,0,1,0,1,6142.68115234375,3825.30810546875
"Lalonde Sample",0,19,11,1,0,0,1,2445.58911132812,9772.283203125
"Lalonde Sample",0,18,8,0,1,0,1,0,10798.5595703125
"Lalonde Sample",0,18,11,1,0,0,1,0,4657.27294921875
"Lalonde Sample",0,17,11,1,0,0,1,0,8551.533203125
"Lalonde Sample",0,19,10,1,0,0,1,0,4309.8779296875
"Lalonde Sample",0,19,10,1,0,0,1,0,5286.39599609375
"Lalonde Sample",0,18,9,1,0,0,1,0,12486.169921875
"Lalonde Sample",0,18,10,1,0,0,1,2285.03002929688,3268.93798828125
"Lalonde Sample",0,18,11,1,0,0,1,2292.1708984375,4994.22705078125
"Lalonde Sample",0,18,10,1,0,0,1,273.552490234375,5514.365234375
"Lalonde Sample",0,18,9,0,1,0,1,2684.90991210938,2978.6689453125
"Lalonde Sample",0,18,9,1,0,0,1,0,10877.349609375
"Lalonde Sample",0,18,12,1,0,0,0,1405.51196289062,0
"Lalonde Sample",0,18,9,0,1,0,1,1646.51000976562,1065.67199707031
"Lalonde Sample",0,19,11,1,0,0,1,393.859802246094,2481.51806640625
"Lalonde Sample",0,18,7,0,1,1,1,2672.20190429688,6330.88818359375
"Lalonde Sample",0,19,11,0,0,0,1,823.25439453125,2649.59912109375
"Lalonde Sample",0,18,8,0,1,0,1,2483.85205078125,11135.5302734375
"Lalonde Sample",0,17,8,1,0,0,1,1178.21899414062,14380.169921875
"Lalonde Sample",0,18,10,1,0,0,1,0,202.284698486328
"Lalonde Sample",0,17,10,1,0,0,1,1726.43896484375,11061.6201171875
"Lalonde Sample",0,17,10,1,0,0,1,664.568969726562,0
"Lalonde Sample",0,20,10,1,0,0,1,690.192016601562,10864.8798828125
"Lalonde Sample",0,18,10,1,0,0,1,1428.14404296875,11602.9404296875
"Lalonde Sample",0,19,11,1,0,0,1,705.196411132812,0
"Lalonde Sample",0,17,10,1,0,0,1,0,2657.705078125
"Lalonde Sample",0,18,7,1,0,0,1,0,4132.5771484375
"Lalonde Sample",0,18,11,1,0,0,1,0,11303.1396484375
"Lalonde Sample",0,20,9,1,0,0,1,2483.85205078125,0
"Lalonde Sample",0,19,10,0,1,0,1,0,0
"Lalonde Sample",0,18,9,1,0,0,1,0,0
"Lalonde Sample",0,17,10,1,0,0,1,0,0
"Lalonde Sample",0,17,11,1,0,0,1,1156.79699707031,6365.03076171875
"Lalonde Sample",0,17,10,1,0,0,1,0,2189.42602539062
"Lalonde Sample",0,18,9,1,0,0,1,490.465606689453,3480.84692382812
"Lalonde Sample",0,19,11,1,0,0,1,0,0
"Lalonde Sample",0,17,8,0,0,0,1,0,10210.990234375
"Lalonde Sample",0,18,10,1,0,0,1,0,11048.080078125
"Lalonde Sample",0,18,9,1,0,0,1,0,0
"Lalonde Sample",0,17,9,1,0,0,1,2595.26708984375,0
"Lalonde Sample",0,17,8,1,0,0,1,0,8993.865234375
"Lalonde Sample",0,17,8,1,0,0,1,2036.7900390625,0
"Lalonde Sample",0,19,9,0,1,0,1,2750.84106445312,15581.4404296875
"Lalonde Sample",0,17,9,1,0,0,1,620.962707519531,18085.73046875
"Lalonde Sample",0,19,10,1,0,0,1,1428.14404296875,4687.93701171875
"Lalonde Sample",0,19,6,0,1,0,1,0,5071.80078125
"Lalonde Sample",0,20,11,1,0,0,1,1633.20202636719,1310.72705078125
"Lalonde Sample",0,19,10,0,0,0,1,0,3194.01000976562
"Lalonde Sample",0,17,11,0,0,0,1,0,0
"Lalonde Sample",0,18,9,0,0,0,1,559.596008300781,7300.498046875
"Lalonde Sample",0,20,11,1,0,0,1,7666.875,7659.2177734375
"Lalonde Sample",0,20,10,1,0,0,1,2856.287109375,18347.259765625
"Lalonde Sample",0,20,9,1,0,0,1,0,5193.0888671875
"Lalonde Sample",0,19,9,1,0,0,1,2642.06689453125,2652.625
"Lalonde Sample",0,18,10,1,0,0,1,2456.99389648438,13674.75
"Lalonde Sample",0,19,11,1,0,0,1,4503.06396484375,0
"Lalonde Sample",0,17,9,1,0,0,1,0,0
"Lalonde Sample",0,18,9,1,0,0,1,1413.86303710938,3475.52001953125
"Lalonde Sample",0,17,11,1,0,0,1,165.207702636719,4251.126953125
"Lalonde Sample",0,17,10,1,0,0,1,0,275.566101074219
"Lalonde Sample",0,19,10,1,0,0,1,604.153869628906,0
"Lalonde Sample",0,17,10,0,1,0,1,1168.90197753906,11306.26953125
"Lalonde Sample",0,20,9,1,0,0,1,9691.033203125,8562.6025390625
"Lalonde Sample",0,17,9,1,0,0,1,0,3590.70190429688
"Lalonde Sample",0,19,11,1,0,0,1,0,0
"Lalonde Sample",0,17,10,0,0,0,1,2465.61303710938,4211.662109375
"Lalonde Sample",0,19,10,1,0,1,1,0,12797.669921875
"Lalonde Sample",0,20,9,1,0,0,1,0,2035.91394042969
"Lalonde Sample",0,18,11,1,0,0,1,1170.32702636719,604.228698730469
"Lalonde Sample",0,18,10,0,1,1,1,1922.625,4768.35400390625
"Lalonde Sample",0,18,9,1,0,0,1,0,2389.67895507812
"Lalonde Sample",0,18,11,1,0,0,1,0,0
"Lalonde Sample",0,20,10,1,0,0,1,2749.97705078125,6867.7412109375
"Lalonde Sample",0,17,10,0,1,0,1,0,8469.275390625
"Lalonde Sample",0,19,11,1,0,0,1,0,0
"Lalonde Sample",0,19,9,1,0,0,1,1537.92895507812,4188.73583984375
"Lalonde Sample",0,17,10,1,0,0,1,0,1143.38696289062
"Lalonde Sample",0,20,11,1,0,0,1,8012.0849609375,18155.830078125
"Lalonde Sample",0,17,8,1,0,0,1,768.810180664062,3020.94799804688
"Lalonde Sample",0,18,8,0,0,0,1,1345.90905761719,1725.59204101562
"Lalonde Sample",0,20,10,1,0,0,1,825.230102539062,0
"Lalonde Sample",0,17,9,0,1,0,1,0,5114.81396484375
"Lalonde Sample",0,17,9,1,0,0,1,1206.44104003906,0
"Lalonde Sample",0,19,11,1,0,0,1,0,0
"Lalonde Sample",0,18,10,1,0,0,1,0,781.224304199219
